ID,MORA,Genero,Estatus,N_Hijos,Estimacion_Ingreso,Plan
1,T,F,S,1.0,38000.0,3.0
6,F,M,M,2.0,29616.0,2.0
8,F,M,M,0.0,19732.8,3.0
11,F,M,S,2.0,96.33,1.0
14,F,F,M,2.0,52004.8,1.0
17,F,M,M,2.0,53010.8,1.0
18,F,M,M,1.0,75004.5,1.0
21,F,M,M,0.0,19749.3,3.0
22,F,M,S,1.0,57626.9,2.0
23,F,M,M,2.0,20078.0,4.0
24,F,F,M,2.0,47902.0,2.0
29,T,M,M,1.0,7545.96,3.0
35,T,F,S,0.0,78851.3,4.0
36,T,F,S,1.0,17540.7,4.0
37,T,F,M,0.0,83891.9,4.0
38,T,F,M,2.0,28220.8,4.0
40,T,F,S,0.0,28589.1,4.0
42,F,F,M,2.0,5237.63,2.0
45,T,M,S,2.0,89459.9,2.0
48,T,F,S,1.0,13576.5,1.0
52,T,F,M,2.0,67388.0,3.0
53,F,F,M,1.0,57063.0,4.0
54,T,F,M,2.0,84166.1,2.0
60,T,F,S,1.0,7737.94,4.0
61,T,M,S,2.0,100020.0,4.0
62,F,F,M,2.0,45287.6,3.0
63,T,F,M,2.0,59613.1,1.0
65,T,F,S,1.0,16326.7,1.0
68,T,F,S,2.0,9559.78,3.0
71,F,F,M,2.0,42031.8,4.0
73,F,F,M,2.0,83284.1,4.0
74,F,M,M,1.0,39229.1,4.0
75,F,F,S,0.0,68427.4,3.0
77,T,M,S,0.0,3601.71,4.0
78,F,F,M,0.0,72642.6,4.0
79,T,F,S,0.0,98716.3,4.0
80,F,F,S,2.0,66182.7,2.0
81,T,F,M,2.0,84789.3,4.0
83,T,F,M,2.0,35976.5,4.0
84,F,F,M,0.0,32703.1,4.0
85,F,F,M,1.0,77129.1,4.0
86,F,F,M,2.0,8204.72,3.0
87,T,M,M,1.0,97180.4,4.0
88,F,F,M,0.0,80405.1,4.0
89,T,F,S,2.0,38280.0,4.0
90,T,M,S,0.0,64136.6,2.0
92,T,F,M,2.0,45429.7,2.0
94,T,F,S,0.0,25285.5,1.0
95,F,F,M,2.0,77551.1,2.0
96,T,F,M,0.0,38538.4,3.0
97,F,F,S,0.0,69350.5,4.0
104,T,M,S,2.0,43634.5,1.0
108,T,F,S,1.0,13109.1,1.0
109,T,M,S,1.0,92647.5,4.0
110,T,F,S,2.0,21021.6,3.0
111,T,M,S,0.0,74460.7,2.0
114,T,F,S,2.0,28787.4,2.0
117,F,M,M,1.0,13091.6,2.0
120,F,F,M,2.0,62061.8,2.0
121,T,F,M,1.0,20550.9,3.0
124,F,M,M,2.0,1765.41,4.0
127,T,F,S,2.0,19131.1,2.0
130,F,F,S,2.0,83073.7,4.0
133,F,M,M,2.0,42750.3,1.0
135,T,F,S,2.0,2842.55,2.0
136,F,M,M,2.0,22358.1,1.0
138,F,M,M,0.0,47870.8,2.0
139,F,F,S,2.0,6440.46,1.0
140,T,F,S,0.0,7325.5,2.0
142,F,M,M,2.0,28766.9,1.0
148,F,M,M,2.0,91272.2,3.0
154,T,M,S,0.0,65000.0,4.0
158,F,M,M,2.0,1406.05,1.0
160,F,F,S,0.0,73228.3,4.0
161,F,F,S,2.0,76231.9,2.0
166,T,M,M,1.0,64792.3,3.0
169,T,F,S,0.0,93322.1,1.0
174,T,M,M,1.0,63437.3,4.0
178,F,M,M,2.0,49910.7,3.0
180,T,M,M,0.0,76161.4,4.0
181,F,F,M,2.0,55860.0,3.0
182,T,F,S,1.0,12686.0,2.0
190,F,M,M,2.0,57360.8,1.0
191,T,M,M,0.0,92414.7,4.0
192,T,M,M,1.0,60102.7,3.0
194,F,F,M,2.0,17888.7,1.0
195,T,F,S,1.0,12526.3,2.0
198,T,F,S,2.0,14578.8,1.0
201,T,M,M,0.0,78572.2,4.0
203,F,F,M,2.0,48238.8,4.0
205,F,F,M,0.0,28770.9,4.0
206,F,F,M,2.0,87578.2,1.0
207,F,F,M,2.0,86695.4,2.0
209,F,F,S,2.0,76791.2,4.0
213,T,F,D,0.0,30763.8,4.0
214,F,F,M,2.0,3193.6,3.0
215,F,M,M,1.0,69680.9,2.0
218,F,F,M,0.0,83287.0,3.0
219,T,M,S,0.0,2056.06,2.0
220,F,F,M,2.0,7776.6,4.0
221,F,M,M,1.0,2067.82,4.0
222,T,M,S,0.0,66666.0,1.0
224,F,F,M,2.0,69343.3,2.0
225,F,F,M,0.0,77000.0,4.0
228,F,F,M,0.0,14932.5,1.0
229,F,F,S,0.0,27498.1,4.0
231,F,F,M,2.0,21419.9,1.0
232,F,F,M,2.0,30665.2,3.0
233,F,F,M,1.0,66000.0,2.0
234,F,F,M,2.0,50561.3,2.0
236,T,F,S,2.0,23464.0,3.0
237,F,F,M,2.0,194.57,4.0
238,F,F,M,1.0,98680.4,4.0
239,T,M,M,1.0,65619.7,3.0
240,F,F,M,1.0,95620.3,2.0
241,F,F,S,0.0,85275.0,2.0
242,F,F,M,1.0,66921.4,3.0
243,F,F,M,1.0,98453.6,3.0
244,F,F,M,2.0,94026.8,3.0
246,F,F,S,2.0,57420.0,2.0
247,T,M,M,0.0,77000.0,4.0
249,F,M,M,2.0,47639.1,4.0
250,F,F,M,2.0,63234.5,3.0
254,F,F,M,2.0,18296.4,3.0
255,T,F,S,0.0,39461.0,4.0
257,F,F,S,1.0,68000.0,3.0
260,F,F,M,2.0,52957.0,2.0
261,F,F,S,2.0,86747.1,3.0
263,F,F,M,1.0,87404.6,3.0
264,F,M,S,2.0,20919.0,2.0
265,F,F,M,2.0,85394.0,4.0
266,T,F,S,0.0,2121.36,3.0
267,F,F,M,2.0,63566.1,2.0
270,F,F,S,0.0,89813.6,4.0
272,F,F,M,2.0,82644.2,4.0
273,T,F,S,1.0,27783.6,3.0
276,F,F,M,2.0,60485.5,1.0
279,F,F,M,2.0,809.43,1.0
280,T,M,S,1.0,76529.8,1.0
281,F,F,M,2.0,34577.7,2.0
283,F,F,M,0.0,80000.0,3.0
284,T,F,S,2.0,19008.4,4.0
285,F,F,M,0.0,98056.3,3.0
286,T,M,M,0.0,73400.0,4.0
288,F,M,M,0.0,78894.2,2.0
289,T,M,S,1.0,16432.1,1.0
290,T,M,M,0.0,62797.9,1.0
291,T,M,S,1.0,71329.9,3.0
295,T,F,S,0.0,20913.6,4.0
298,T,F,S,1.0,540.4,4.0
302,F,M,M,2.0,67339.8,2.0
304,T,M,M,1.0,75799.9,3.0
305,T,F,S,2.0,15688.5,4.0
306,T,F,S,0.0,43382.3,2.0
308,T,F,S,0.0,5185.31,2.0
309,T,F,S,0.0,41000.0,4.0
310,T,F,S,0.0,32098.0,2.0
312,F,F,M,2.0,80087.7,4.0
313,F,F,M,2.0,59691.3,2.0
315,T,F,S,2.0,11251.1,2.0
317,T,M,M,0.0,70908.7,4.0
318,T,M,S,0.0,94928.3,4.0
320,F,F,M,2.0,50622.3,2.0
322,T,M,M,0.0,78000.0,3.0
326,T,M,M,0.0,100020.0,4.0
329,F,F,M,1.0,56722.8,2.0
331,T,M,M,1.0,80000.0,3.0
332,T,F,S,2.0,3416.62,4.0
333,F,F,M,0.0,73400.0,2.0
334,T,M,M,0.0,120000.0,4.0
335,F,F,M,2.0,8032.16,2.0
336,F,F,S,1.0,93454.3,4.0
337,T,M,M,0.0,5745.0,1.0
338,F,F,S,0.0,83287.0,4.0
339,F,F,S,0.0,92564.1,3.0
341,F,M,S,0.0,86448.2,2.0
343,F,F,M,2.0,48322.5,1.0
346,F,F,M,2.0,81913.8,1.0
349,T,F,S,0.0,919.93,3.0
350,F,F,M,2.0,69486.8,1.0
351,F,F,M,2.0,24482.8,4.0
353,F,F,M,0.0,14573.6,4.0
354,F,F,M,2.0,92103.8,3.0
355,T,F,S,2.0,8392.14,3.0
356,T,F,S,0.0,17138.2,3.0
358,F,F,M,2.0,47010.1,1.0
360,F,F,S,1.0,67239.4,2.0
361,F,M,M,1.0,69406.7,2.0
363,F,F,M,2.0,83259.3,4.0
365,F,M,S,2.0,60095.2,2.0
370,F,F,M,2.0,2185.6,1.0
372,T,M,M,1.0,76511.3,2.0
374,T,F,M,1.0,6946.07,2.0
375,F,F,M,2.0,11234.7,3.0
377,F,F,M,2.0,36660.9,1.0
379,F,F,M,2.0,68462.8,2.0
382,F,F,M,2.0,72841.3,1.0
383,F,F,M,2.0,63670.8,2.0
384,T,M,S,0.0,83287.0,2.0
385,F,F,S,1.0,66000.0,1.0
386,F,M,M,0.0,12387.6,2.0
388,F,F,M,1.0,82931.3,2.0
389,F,F,M,2.0,57483.9,2.0
391,T,F,S,2.0,21274.0,2.0
392,F,F,M,2.0,28267.0,2.0
394,F,F,M,2.0,36725.1,2.0
398,T,M,S,1.0,94188.3,2.0
401,F,F,M,2.0,91861.0,3.0
404,T,F,S,1.0,12374.9,3.0
405,F,F,M,2.0,69133.9,2.0
407,F,F,M,2.0,84948.0,3.0
408,F,F,M,2.0,30998.8,2.0
410,F,M,S,0.0,15924.2,2.0
414,F,M,M,2.0,21416.5,1.0
418,F,M,M,2.0,78554.2,3.0
419,T,M,S,1.0,3960.5,2.0
421,T,M,M,0.0,60101.1,4.0
422,F,F,M,2.0,38215.9,2.0
423,T,F,M,1.0,13829.4,1.0
424,F,F,M,2.0,49745.3,3.0
426,F,F,M,2.0,88427.0,3.0
427,F,F,M,2.0,98003.7,1.0
428,F,M,S,0.0,89142.7,2.0
429,F,F,S,0.0,74530.8,2.0
431,T,F,S,0.0,35000.0,3.0
436,F,F,M,2.0,76289.2,2.0
438,T,M,M,1.0,66931.9,4.0
439,T,F,D,1.0,9309.57,2.0
440,T,F,M,1.0,14085.5,1.0
441,T,F,S,0.0,32962.6,2.0
442,T,F,S,0.0,40000.0,2.0
443,T,F,S,2.0,33330.0,3.0
444,T,F,S,1.0,32098.0,1.0
445,T,F,S,2.0,30090.0,1.0
446,T,F,S,1.0,40120.0,4.0
450,F,F,M,2.0,90271.6,4.0
455,F,F,M,2.0,64816.6,2.0
456,F,F,M,2.0,98217.1,1.0
458,T,F,S,1.0,2929.13,1.0
460,F,F,M,2.0,41876.6,3.0
461,T,M,M,0.0,96223.4,1.0
462,T,F,S,0.0,15989.3,4.0
463,T,M,M,0.0,69168.4,2.0
464,F,M,M,1.0,92148.5,2.0
465,F,M,M,0.0,96681.0,2.0
466,F,M,S,0.0,62705.9,2.0
467,F,M,S,0.0,80221.2,2.0
468,F,M,S,0.0,84479.2,2.0
469,F,F,M,2.0,64977.4,2.0
470,T,F,M,0.0,77994.0,1.0
471,F,M,M,2.0,90103.7,3.0
472,T,F,M,0.0,59008.4,1.0
473,F,M,M,2.0,5265.35,3.0
474,T,M,S,1.0,84978.1,1.0
475,F,F,M,2.0,36647.9,3.0
476,T,F,S,0.0,64319.2,1.0
477,F,F,S,1.0,73338.0,3.0
478,T,F,S,0.0,433.74,1.0
479,F,F,M,2.0,16962.2,2.0
481,F,M,M,2.0,10708.3,3.0
484,T,F,M,0.0,2031.61,2.0
488,F,F,S,2.0,16938.5,2.0
491,F,F,M,0.0,55221.0,3.0
492,F,F,M,1.0,8073.11,2.0
493,F,M,M,1.0,95448.6,3.0
494,T,M,S,1.0,24141.5,4.0
495,F,M,S,2.0,63152.6,1.0
497,F,M,S,2.0,72084.7,1.0
498,F,F,S,0.0,42760.5,3.0
499,F,F,S,1.0,49072.0,2.0
500,F,F,M,0.0,27371.8,4.0
504,T,M,M,1.0,71472.9,3.0
505,F,F,M,0.0,95405.7,4.0
506,F,F,S,0.0,95786.8,4.0
508,F,M,S,0.0,90321.6,2.0
509,T,M,S,0.0,90478.6,2.0
510,F,F,M,2.0,56187.0,2.0
513,T,F,S,1.0,37000.0,2.0
518,F,M,M,2.0,29616.0,1.0
520,F,M,M,0.0,19732.8,2.0
523,F,M,S,2.0,96.33,4.0
526,F,F,M,2.0,52004.8,1.0
529,F,M,M,2.0,53010.8,1.0
530,F,M,M,0.0,75004.5,2.0
533,F,M,M,0.0,19749.3,1.0
534,F,M,S,1.0,57626.9,3.0
535,F,M,M,2.0,20078.0,4.0
536,F,F,M,2.0,47902.0,4.0
541,T,M,M,1.0,7545.96,3.0
547,T,F,S,0.0,78851.3,4.0
548,T,F,S,1.0,17540.7,1.0
549,T,F,M,0.0,83891.9,4.0
550,T,F,M,2.0,28220.8,4.0
552,T,F,S,0.0,28589.1,4.0
554,F,F,M,2.0,5237.63,1.0
557,T,M,S,2.0,89459.9,3.0
560,T,F,S,1.0,13576.5,4.0
561,F,F,S,0.0,81710.9,4.0
564,T,F,M,2.0,67388.0,3.0
565,F,F,M,1.0,57063.0,4.0
566,T,F,M,2.0,84166.1,1.0
572,T,F,S,1.0,7737.94,2.0
573,T,M,S,2.0,100020.0,4.0
574,F,F,M,2.0,45287.6,3.0
575,T,F,M,2.0,59613.1,2.0
577,T,F,S,1.0,16326.7,2.0
580,T,F,S,2.0,9559.78,3.0
583,F,F,M,2.0,42031.8,3.0
585,F,F,M,2.0,83284.1,3.0
586,F,M,M,1.0,39229.1,4.0
587,F,F,D,1.0,68427.4,4.0
589,F,M,S,0.0,3601.71,1.0
591,T,F,S,0.0,98716.3,4.0
592,F,F,S,2.0,66182.7,2.0
593,T,F,S,2.0,84789.3,4.0
595,T,F,M,2.0,35976.5,4.0
596,F,F,M,0.0,32703.1,4.0
598,F,F,M,2.0,8204.72,4.0
599,T,M,M,1.0,97180.4,4.0
601,T,F,S,2.0,38280.0,4.0
602,T,M,S,0.0,64136.6,2.0
604,T,F,M,2.0,45429.7,3.0
606,T,F,S,0.0,25285.5,4.0
607,F,F,M,2.0,77551.1,3.0
608,T,F,M,0.0,38538.4,3.0
609,F,F,S,0.0,69350.5,4.0
616,T,M,S,2.0,43634.5,4.0
620,T,F,S,1.0,13109.1,4.0
621,T,M,S,1.0,92647.5,4.0
622,F,M,S,2.0,21021.6,2.0
623,T,M,S,0.0,74460.7,3.0
626,T,F,S,2.0,28787.4,3.0
629,F,M,M,1.0,13091.6,3.0
632,F,F,M,2.0,62061.8,4.0
633,T,F,M,1.0,20550.9,4.0
636,F,M,M,2.0,1765.41,1.0
639,T,F,S,2.0,19131.1,1.0
645,F,M,M,2.0,42750.3,2.0
647,T,F,S,2.0,2842.55,4.0
648,F,M,M,2.0,22358.1,3.0
650,F,M,M,0.0,47870.8,2.0
651,F,F,S,2.0,6440.46,2.0
652,T,F,S,0.0,7325.5,2.0
654,F,M,M,2.0,28766.9,4.0
656,F,M,M,1.0,5252.29,2.0
660,F,M,M,2.0,91272.2,3.0
666,T,M,S,0.0,69000.0,4.0
670,F,M,M,2.0,1406.05,3.0
672,F,F,S,0.0,73228.3,2.0
673,F,F,S,2.0,76231.9,4.0
678,T,M,M,1.0,64792.3,1.0
681,T,F,S,0.0,93322.1,1.0
686,T,M,M,1.0,63437.3,3.0
690,F,M,M,2.0,49910.7,1.0
692,T,M,M,0.0,76161.4,3.0
693,F,F,M,2.0,55860.0,4.0
694,T,F,S,1.0,12686.0,1.0
702,F,M,M,2.0,57360.8,2.0
703,T,M,M,1.0,92414.7,4.0
704,T,M,M,1.0,60102.7,4.0
706,F,F,M,2.0,17888.7,4.0
707,T,F,S,1.0,12526.3,1.0
710,T,F,S,2.0,14578.8,1.0
713,T,M,M,0.0,78572.2,3.0
714,F,M,M,1.0,3933.74,2.0
715,F,F,M,2.0,48238.8,1.0
717,T,F,M,0.0,28770.9,3.0
718,F,F,M,2.0,87578.2,2.0
719,F,F,M,2.0,86695.4,2.0
721,F,F,S,2.0,76791.2,1.0
725,T,F,S,0.0,30763.8,4.0
726,F,F,M,2.0,3193.6,3.0
730,F,F,M,0.0,83287.0,4.0
731,T,M,S,1.0,2056.06,4.0
732,F,F,M,2.0,7776.6,3.0
733,F,M,M,1.0,2067.82,2.0
734,T,M,S,0.0,77000.0,3.0
736,F,F,M,2.0,69343.3,2.0
737,F,F,M,0.0,83287.0,2.0
740,F,F,M,0.0,14932.5,2.0
741,F,F,S,0.0,27498.1,4.0
743,F,F,M,2.0,21419.9,1.0
744,F,F,M,2.0,30665.2,4.0
745,F,F,M,1.0,70000.0,2.0
746,F,F,M,2.0,50561.3,2.0
748,T,F,S,2.0,23464.0,3.0
749,F,F,M,2.0,194.57,2.0
750,F,F,M,1.0,98680.4,4.0
751,T,M,M,0.0,65619.7,2.0
752,F,F,M,1.0,95620.3,4.0
753,F,F,S,0.0,85275.0,1.0
754,F,F,M,1.0,66921.4,1.0
755,F,F,M,1.0,98453.6,4.0
756,F,F,M,2.0,94026.8,2.0
758,F,F,S,2.0,57420.0,4.0
759,T,M,M,0.0,66666.0,1.0
761,F,M,M,2.0,47639.1,4.0
762,F,F,M,2.0,63234.5,4.0
766,F,F,M,2.0,18296.4,4.0
767,T,F,S,0.0,39461.0,1.0
769,F,F,S,1.0,70000.0,1.0
771,F,M,M,1.0,47371.0,4.0
772,F,F,M,2.0,52957.0,4.0
773,F,F,S,2.0,86747.1,4.0
775,F,F,M,1.0,87404.6,2.0
777,F,F,M,2.0,85394.0,2.0
778,T,F,S,0.0,2121.36,3.0
779,F,F,M,2.0,63566.1,4.0
782,F,F,S,0.0,89813.6,4.0
784,F,F,M,2.0,82644.2,2.0
785,T,F,S,1.0,27783.6,2.0
788,F,F,M,2.0,60485.5,3.0
791,F,F,M,2.0,809.43,4.0
792,T,M,S,1.0,76529.8,4.0
793,F,F,M,2.0,34577.7,4.0
795,F,F,M,0.0,66666.0,1.0
796,T,F,S,2.0,19008.4,4.0
797,F,F,M,0.0,98056.3,1.0
798,T,M,M,0.0,80000.0,1.0
800,T,M,M,0.0,78894.2,3.0
801,T,M,S,1.0,16432.1,4.0
802,F,M,S,1.0,62797.9,2.0
803,T,M,S,1.0,71329.9,3.0
807,T,F,S,0.0,20913.6,1.0
810,T,F,S,1.0,540.4,3.0
814,F,M,M,2.0,67339.8,3.0
816,T,M,M,1.0,75799.9,2.0
817,T,F,S,2.0,15688.5,3.0
818,T,F,S,0.0,43382.3,3.0
820,T,F,S,0.0,5185.31,4.0
821,T,F,D,1.0,13011.4,3.0
822,T,F,S,0.0,35000.0,4.0
824,F,F,M,2.0,80087.7,3.0
825,F,F,M,2.0,59691.3,1.0
827,T,F,S,2.0,11251.1,4.0
829,T,M,M,1.0,70908.7,1.0
830,T,M,S,0.0,94928.3,1.0
832,F,F,M,2.0,50622.3,3.0
834,T,M,M,0.0,100020.0,4.0
838,T,M,M,0.0,65000.0,1.0
840,F,F,S,2.0,93559.1,4.0
841,T,F,M,1.0,56722.8,4.0
843,T,M,M,1.0,120000.0,1.0
844,T,F,S,2.0,3416.62,1.0
845,F,F,M,0.0,78000.0,3.0
846,T,M,M,0.0,73400.0,2.0
847,F,F,M,2.0,8032.16,3.0
848,F,F,D,1.0,93454.3,2.0
849,T,M,M,0.0,5745.0,1.0
850,F,F,S,0.0,77000.0,2.0
851,F,F,S,0.0,92564.1,3.0
853,T,M,S,0.0,68000.0,3.0
855,F,F,M,2.0,48322.5,2.0
857,F,M,S,2.0,78373.5,2.0
858,F,F,M,2.0,81913.8,3.0
861,T,F,S,0.0,919.93,4.0
862,F,F,M,2.0,69486.8,3.0
863,F,F,M,2.0,24482.8,4.0
865,F,F,M,0.0,14573.6,4.0
866,F,F,M,2.0,92103.8,4.0
867,T,F,S,2.0,8392.14,1.0
868,T,F,S,0.0,17138.2,2.0
870,F,F,M,2.0,47010.1,2.0
872,F,F,S,0.0,67239.4,1.0
873,F,M,M,1.0,69406.7,2.0
875,F,F,M,2.0,83259.3,1.0
878,F,M,M,1.0,20818.5,2.0
882,F,F,M,2.0,2185.6,1.0
884,T,M,M,1.0,76511.3,2.0
886,T,F,M,1.0,34555.0,4.0
887,F,F,M,2.0,11234.7,2.0
889,F,F,M,2.0,36660.9,3.0
891,F,F,M,2.0,68462.8,1.0
894,F,F,M,2.0,72841.3,2.0
895,F,F,M,2.0,63670.8,3.0
896,T,M,S,0.0,80000.0,3.0
897,F,F,S,1.0,83287.0,3.0
898,F,M,M,0.0,12387.6,2.0
900,F,F,M,1.0,82931.3,1.0
901,F,F,M,2.0,57483.9,3.0
903,T,F,S,2.0,21274.0,4.0
904,F,F,M,2.0,28267.0,2.0
906,F,F,M,2.0,36725.1,3.0
910,T,M,S,1.0,94188.3,4.0
913,F,F,M,2.0,91861.0,2.0
916,T,F,S,1.0,12374.9,1.0
917,T,F,M,2.0,69133.9,1.0
919,F,F,M,2.0,84948.0,3.0
920,F,F,M,2.0,30998.8,3.0
926,F,M,D,1.0,21416.5,2.0
930,F,M,S,1.0,78554.2,2.0
931,T,M,S,1.0,3960.5,2.0
933,T,M,M,0.0,60101.1,2.0
934,F,F,M,2.0,38215.9,4.0
935,T,F,M,1.0,13829.4,1.0
936,F,F,M,2.0,49745.3,2.0
938,F,F,M,2.0,88427.0,2.0
939,F,F,M,2.0,98003.7,3.0
940,T,M,S,0.0,89142.7,4.0
941,F,F,S,0.0,74530.8,3.0
943,T,F,S,0.0,40120.0,3.0
948,F,F,M,2.0,76289.2,3.0
950,T,M,M,1.0,66931.9,3.0
951,T,F,D,0.0,40120.0,2.0
952,T,F,M,1.0,40120.0,4.0
953,T,F,S,0.0,40120.0,3.0
954,T,F,S,0.0,40120.0,2.0
955,T,F,S,2.0,42000.0,4.0
956,T,F,S,0.0,40120.0,4.0
957,T,F,S,2.0,40120.0,2.0
958,T,F,S,1.0,40120.0,1.0
962,F,F,M,2.0,90271.6,1.0
967,F,F,M,2.0,64816.6,4.0
968,F,F,M,2.0,98217.1,4.0
970,T,F,S,1.0,2929.13,1.0
972,F,F,M,2.0,41876.6,4.0
973,T,M,M,0.0,96223.4,3.0
974,T,F,S,0.0,15989.3,3.0
975,T,M,M,0.0,69168.4,3.0
976,F,M,M,1.0,92148.5,2.0
977,F,M,M,0.0,96681.0,2.0
978,F,M,S,0.0,62705.9,2.0
979,F,M,S,0.0,80221.2,2.0
980,F,M,S,0.0,84479.2,2.0
981,F,F,M,2.0,64977.4,3.0
982,T,F,M,0.0,77994.0,1.0
983,F,M,M,2.0,90103.7,4.0
984,T,F,M,0.0,59008.4,1.0
985,F,M,M,2.0,5265.35,3.0
986,F,M,S,1.0,84978.1,2.0
987,F,F,M,2.0,36647.9,4.0
988,T,F,S,0.0,64319.2,1.0
989,F,F,S,1.0,73338.0,2.0
990,T,F,S,0.0,433.74,2.0
991,F,F,M,2.0,16962.2,2.0
993,F,M,M,2.0,10708.3,1.0
996,T,F,M,0.0,2031.61,1.0
1000,F,F,S,2.0,16938.5,3.0
1003,F,F,M,0.0,55221.0,1.0
1004,F,F,M,1.0,8073.11,4.0
1005,F,M,M,0.0,95448.6,4.0
1006,T,M,S,1.0,24141.5,1.0
1007,F,M,S,2.0,63152.6,1.0
1008,F,M,S,1.0,31952.0,2.0
1009,F,M,S,2.0,72084.7,2.0
1010,F,F,S,0.0,42760.5,4.0
1011,F,F,S,1.0,49072.0,3.0
1012,F,F,M,0.0,27371.8,3.0
1016,T,M,M,1.0,71472.9,1.0
1017,F,F,M,0.0,95405.7,3.0
1018,F,F,S,0.0,95786.8,1.0
1020,T,M,S,0.0,90321.6,3.0
1021,T,M,D,1.0,90478.6,4.0
1022,F,F,M,2.0,56187.0,3.0
1023,F,M,M,1.0,28313.1,2.0
1025,T,F,S,1.0,41000.0,2.0
1030,F,M,M,2.0,29616.0,4.0
1032,F,M,M,0.0,19732.8,1.0
1035,F,M,S,2.0,96.33,3.0
1038,F,F,M,2.0,52004.8,2.0
1041,F,M,M,2.0,53010.8,4.0
1042,F,M,M,0.0,75004.5,1.0
1045,F,M,M,0.0,19749.3,2.0
1046,F,M,S,1.0,57626.9,1.0
1047,F,M,M,2.0,20078.0,1.0
1048,F,F,M,2.0,47902.0,3.0
1053,T,M,M,1.0,7545.96,2.0
1059,F,F,S,0.0,78851.3,3.0
1060,T,F,S,1.0,17540.7,1.0
1061,T,F,M,0.0,83891.9,4.0
1062,T,F,M,2.0,28220.8,4.0
1064,T,F,S,0.0,28589.1,1.0
1066,F,F,M,2.0,5237.63,3.0
1069,T,M,S,2.0,89459.9,2.0
1072,T,F,S,1.0,13576.5,4.0
1073,F,F,S,0.0,81710.9,4.0
1076,T,F,M,2.0,67388.0,4.0
1077,F,F,M,1.0,57063.0,4.0
1078,T,F,M,2.0,84166.1,1.0
1079,F,F,S,0.0,45612.9,4.0
1084,T,F,S,1.0,7737.94,4.0
1085,T,M,S,2.0,120000.0,2.0
1086,F,F,M,2.0,45287.6,2.0
1087,T,F,M,2.0,59613.1,4.0
1089,T,F,S,1.0,16326.7,2.0
1092,T,F,S,2.0,9559.78,2.0
1095,F,F,M,2.0,42031.8,4.0
1097,F,F,M,2.0,83284.1,3.0
1098,F,M,M,1.0,39229.1,4.0
1099,F,F,D,1.0,68427.4,1.0
1101,T,M,S,0.0,3601.71,4.0
1103,T,F,S,0.0,98716.3,4.0
1104,F,F,S,2.0,66182.7,4.0
1105,T,F,M,2.0,84789.3,4.0
1107,T,F,M,2.0,35976.5,4.0
1108,F,F,M,0.0,32703.1,4.0
1110,F,F,M,2.0,8204.72,2.0
1111,T,M,M,1.0,97180.4,3.0
1112,F,F,M,0.0,80405.1,4.0
1113,F,F,S,2.0,38280.0,2.0
1114,T,M,S,0.0,64136.6,1.0
1116,T,F,M,2.0,45429.7,2.0
1118,T,F,S,0.0,25285.5,3.0
1119,F,F,M,2.0,77551.1,3.0
1120,T,F,M,0.0,38538.4,1.0
1127,F,M,M,0.0,92881.8,2.0
1128,T,M,S,2.0,43634.5,2.0
1132,T,F,S,1.0,13109.1,1.0
1133,T,M,S,1.0,92647.5,2.0
1134,F,M,S,2.0,21021.6,2.0
1135,T,M,S,0.0,74460.7,2.0
1138,T,F,S,2.0,28787.4,1.0
1141,F,M,M,1.0,13091.6,4.0
1144,F,F,M,2.0,62061.8,1.0
1145,T,F,M,1.0,20550.9,1.0
1148,F,M,M,2.0,1765.41,4.0
1151,T,F,S,2.0,19131.1,2.0
1157,F,M,M,2.0,42750.3,2.0
1159,T,F,S,2.0,2842.55,4.0
1160,F,M,M,2.0,22358.1,3.0
1162,F,M,M,0.0,47870.8,2.0
1163,F,F,S,2.0,6440.46,2.0
1164,T,F,S,0.0,7325.5,3.0
1166,F,M,M,2.0,28766.9,1.0
1171,F,M,S,0.0,72928.2,2.0
1172,F,M,M,2.0,91272.2,1.0
1178,T,M,S,0.0,65000.0,1.0
1182,F,M,M,2.0,1406.05,1.0
1184,F,F,S,0.0,73228.3,3.0
1185,F,F,S,2.0,76231.9,3.0
1190,T,M,M,1.0,64792.3,1.0
1193,T,F,S,0.0,93322.1,1.0
1198,T,M,M,1.0,63437.3,4.0
1202,F,M,M,2.0,49910.7,4.0
1204,T,M,M,1.0,76161.4,3.0
1205,F,F,M,2.0,55860.0,1.0
1206,T,F,S,1.0,12686.0,4.0
1214,F,M,M,2.0,57360.8,1.0
1215,T,M,M,0.0,92414.7,1.0
1216,T,M,M,0.0,60102.7,3.0
1218,F,F,M,2.0,17888.7,2.0
1219,T,F,S,1.0,12526.3,3.0
1222,T,F,S,2.0,14578.8,1.0
1225,T,M,M,0.0,78572.2,1.0
1226,F,M,M,1.0,3933.74,2.0
1227,F,F,M,2.0,48238.8,1.0
1229,T,F,M,0.0,28770.9,3.0
1230,F,F,M,2.0,87578.2,4.0
1231,F,F,M,2.0,86695.4,1.0
1233,F,F,S,2.0,76791.2,3.0
1237,T,F,S,1.0,30763.8,3.0
1238,F,F,M,2.0,3193.6,3.0
1239,F,M,M,1.0,69680.9,2.0
1242,F,F,M,0.0,77000.0,4.0
1243,T,M,D,0.0,2056.06,3.0
1244,F,F,M,2.0,7776.6,1.0
1245,F,M,M,1.0,2067.82,4.0
1246,T,M,S,0.0,78000.0,4.0
1248,F,F,M,2.0,69343.3,1.0
1249,F,F,M,0.0,83287.0,3.0
1252,F,F,M,0.0,14932.5,3.0
1253,F,F,S,0.0,27498.1,2.0
1255,F,F,M,2.0,21419.9,4.0
1256,F,F,M,2.0,30665.2,3.0
1257,F,F,M,1.0,68000.0,1.0
1258,F,F,M,2.0,50561.3,3.0
1260,T,F,S,2.0,23464.0,3.0
1261,F,F,M,2.0,194.57,4.0
1262,F,F,M,1.0,98680.4,1.0
1263,T,M,M,0.0,65619.7,3.0
1264,F,F,M,1.0,95620.3,3.0
1265,F,F,D,1.0,85275.0,3.0
1266,F,F,M,1.0,66921.4,3.0
1267,F,F,M,1.0,98453.6,2.0
1268,F,F,M,2.0,94026.8,3.0
1270,F,F,S,2.0,57420.0,3.0
1271,T,M,M,0.0,80000.0,1.0
1273,F,M,M,2.0,47639.1,4.0
1274,F,F,M,2.0,63234.5,4.0
1275,F,F,S,2.0,46945.0,2.0
1276,F,M,M,0.0,3911.9,1.0
1277,F,F,M,0.0,71816.1,4.0
1278,F,F,M,2.0,18296.4,1.0
1279,T,F,S,0.0,39461.0,2.0
1280,F,F,M,1.0,71502.5,2.0
1281,F,F,S,1.0,66000.0,4.0
1282,F,F,M,1.0,95011.5,2.0
1283,F,M,M,1.0,47371.0,2.0
1284,F,F,M,2.0,52957.0,4.0
1285,F,F,S,2.0,86747.1,3.0
1286,F,F,M,0.0,57942.4,3.0
1287,F,F,M,1.0,87404.6,4.0
1288,F,M,S,2.0,20919.0,1.0
1289,F,F,M,2.0,85394.0,4.0
1290,T,F,S,0.0,2121.36,1.0
1291,F,F,M,2.0,63566.1,3.0
1292,F,F,M,0.0,52089.6,2.0
1293,F,F,S,1.0,58328.8,3.0
1294,F,F,S,0.0,89813.6,4.0
1296,F,F,M,2.0,82644.2,2.0
1297,T,F,S,1.0,27783.6,2.0
1298,F,F,S,1.0,86252.8,4.0
1299,F,F,M,1.0,38738.3,1.0
1300,F,F,M,2.0,60485.5,4.0
1301,T,F,M,1.0,56722.8,4.0
1302,T,F,M,0.0,55000.0,4.0
1303,F,F,M,2.0,809.43,1.0
1304,T,M,S,1.0,76529.8,2.0
1305,F,F,M,2.0,34577.7,2.0
1306,T,M,M,0.0,23000.0,4.0
1307,F,F,M,0.0,77000.0,1.0
1308,T,F,S,2.0,19008.4,1.0
1309,F,F,M,0.0,98056.3,3.0
1310,T,M,M,0.0,73400.0,1.0
1311,F,F,M,0.0,53432.2,1.0
1312,T,M,M,0.0,78894.2,3.0
1313,T,M,S,1.0,16432.1,3.0
1314,T,M,M,0.0,62797.9,3.0
1315,T,M,S,1.0,71329.9,1.0
1316,F,F,S,0.0,91498.9,2.0
1317,T,M,S,0.0,3601.71,4.0
1318,F,F,S,1.0,33084.3,1.0
1319,T,F,S,0.0,20913.6,1.0
1320,F,M,M,0.0,62724.5,4.0
1321,F,F,S,1.0,49553.9,1.0
1322,T,F,S,1.0,540.4,4.0
1323,T,F,M,0.0,57255.4,1.0
1324,F,F,S,1.0,71941.5,3.0
1325,T,F,S,2.0,72583.0,2.0
1326,F,M,M,2.0,67339.8,3.0
1327,F,F,M,1.0,88759.5,2.0
1328,T,M,M,1.0,75799.9,2.0
1329,T,F,S,2.0,15688.5,1.0
1330,T,F,S,0.0,43382.3,4.0
1331,T,M,S,0.0,2805.01,1.0
1332,T,F,S,0.0,5185.31,3.0
1333,T,F,S,0.0,42000.0,2.0
1334,T,F,S,0.0,38000.0,2.0
1335,T,F,M,1.0,81641.2,2.0
1336,F,F,M,2.0,80087.7,4.0
1337,F,F,M,2.0,59691.3,3.0
1339,T,F,S,2.0,11251.1,2.0
1341,T,M,M,0.0,70908.7,1.0
1342,T,M,S,0.0,94928.3,1.0
1344,F,F,M,2.0,50622.3,3.0
1346,T,M,M,0.0,78000.0,2.0
1350,T,M,M,1.0,78000.0,2.0
1352,F,F,S,2.0,93559.1,4.0
1353,T,F,M,1.0,56722.8,4.0
1355,F,M,M,1.0,80000.0,2.0
1356,T,F,S,2.0,3416.62,2.0
1357,F,F,M,0.0,73069.1,4.0
1358,T,M,M,0.0,80000.0,4.0
1359,F,F,M,2.0,8032.16,1.0
1360,F,F,S,0.0,93454.3,1.0
1361,T,M,M,0.0,5745.0,3.0
1362,F,F,S,0.0,83287.0,1.0
1363,F,F,S,0.0,92564.1,1.0
1365,T,M,S,0.0,70000.0,3.0
1367,F,F,M,2.0,48322.5,2.0
1369,F,M,S,2.0,78373.5,2.0
1370,F,F,M,2.0,81913.8,2.0
1373,T,F,S,0.0,919.93,2.0
1374,F,F,M,2.0,69486.8,1.0
1375,F,F,M,2.0,24482.8,1.0
1377,F,F,M,0.0,14573.6,4.0
1378,F,F,M,2.0,92103.8,2.0
1379,T,F,S,2.0,8392.14,3.0
1380,T,F,S,0.0,17138.2,4.0
1382,F,F,M,2.0,47010.1,1.0
1384,F,F,D,1.0,67239.4,4.0
1385,T,M,M,1.0,69406.7,4.0
1387,F,F,M,2.0,83259.3,1.0
1394,F,F,M,2.0,2185.6,3.0
1396,T,M,M,1.0,76511.3,3.0
1398,T,F,M,1.0,35000.0,3.0
1399,F,F,M,2.0,11234.7,3.0
1401,F,F,M,2.0,36660.9,3.0
1403,F,F,M,2.0,68462.8,4.0
1406,F,F,M,2.0,72841.3,3.0
1407,F,F,M,2.0,63670.8,2.0
1408,T,M,S,0.0,66666.0,3.0
1409,F,F,S,1.0,77000.0,2.0
1410,F,M,M,0.0,12387.6,2.0
1412,F,F,M,1.0,82931.3,2.0
1413,F,F,M,2.0,57483.9,3.0
1415,T,F,S,2.0,21274.0,3.0
1416,F,F,M,2.0,28267.0,4.0
1418,F,F,M,2.0,36725.1,3.0
1422,T,M,S,1.0,94188.3,3.0
1425,F,F,M,2.0,91861.0,2.0
1428,T,F,S,1.0,12374.9,1.0
1429,F,F,M,2.0,69133.9,4.0
1431,F,F,M,2.0,84948.0,2.0
1432,F,F,M,2.0,30998.8,1.0
1438,F,M,M,2.0,21416.5,1.0
1442,F,M,M,2.0,78554.2,4.0
1443,T,M,S,1.0,3960.5,4.0
1445,T,M,M,0.0,60101.1,4.0
1446,F,F,M,2.0,38215.9,2.0
1447,T,F,M,1.0,40120.0,1.0
1448,F,F,M,2.0,49745.3,3.0
1450,F,F,M,2.0,88427.0,3.0
1451,F,F,M,2.0,98003.7,1.0
1452,T,M,S,0.0,89142.7,3.0
1453,F,F,S,0.0,74530.8,2.0
1455,T,F,S,0.0,40120.0,3.0
1460,F,F,M,2.0,76289.2,3.0
1462,T,M,M,1.0,66931.9,3.0
1463,T,F,S,0.0,40120.0,4.0
1464,T,F,M,1.0,14085.5,3.0
1465,T,F,S,0.0,32962.6,4.0
1466,T,F,S,0.0,42000.0,4.0
1467,T,F,S,2.0,43000.0,1.0
1468,F,F,D,1.0,77726.4,2.0
1469,T,F,S,2.0,42000.0,4.0
1470,T,F,S,1.0,2800.68,1.0
1474,F,F,M,2.0,90271.6,2.0
1479,F,F,M,2.0,64816.6,2.0
1480,F,F,M,2.0,98217.1,4.0
1482,T,F,S,1.0,2929.13,3.0
1484,F,F,M,2.0,41876.6,4.0
1485,T,M,M,0.0,96223.4,2.0
1486,T,F,S,0.0,15989.3,3.0
1487,T,M,M,0.0,69168.4,4.0
1488,F,M,M,1.0,92148.5,2.0
1489,F,M,M,0.0,96681.0,2.0
1490,F,M,S,0.0,62705.9,2.0
1491,F,M,S,0.0,80221.2,2.0
1492,F,M,S,0.0,84479.2,2.0
1493,F,F,M,2.0,64977.4,2.0
1494,T,F,M,0.0,77994.0,1.0
1495,F,M,M,2.0,90103.7,2.0
1496,T,F,M,0.0,59008.4,1.0
1497,F,M,M,2.0,5265.35,4.0
1498,F,M,S,1.0,84978.1,2.0
1499,T,F,M,2.0,36647.9,1.0
1500,T,F,S,0.0,64319.2,1.0
1501,F,F,S,1.0,73338.0,2.0
1502,T,F,S,0.0,433.74,1.0
1503,F,F,M,2.0,16962.2,2.0
1505,F,M,M,2.0,10708.3,4.0
1508,T,F,M,0.0,2031.61,3.0
1512,F,F,S,2.0,16938.5,4.0
1515,F,F,M,0.0,55221.0,3.0
1516,F,F,M,1.0,8073.11,3.0
1517,F,M,M,0.0,95448.6,4.0
1518,T,M,S,1.0,24141.5,1.0
1519,F,M,S,2.0,63152.6,2.0
1521,F,M,S,2.0,72084.7,2.0
1522,F,F,S,0.0,42760.5,2.0
1523,F,F,S,1.0,49072.0,2.0
1524,F,F,M,0.0,27371.8,4.0
1528,T,M,M,0.0,71472.9,1.0
1529,F,F,M,0.0,95405.7,4.0
1530,F,F,S,0.0,95786.8,4.0
1532,T,M,S,0.0,90321.6,3.0
1533,T,M,S,0.0,90478.6,2.0
1534,F,F,M,2.0,56187.0,1.0
1537,T,F,S,1.0,42000.0,2.0
1539,F,M,M,0.0,9780.66,2.0
1542,F,M,M,2.0,29616.0,1.0
1544,F,M,M,0.0,19732.8,4.0
1545,F,M,S,1.0,41690.5,2.0
1547,F,M,S,2.0,96.33,4.0
1550,F,F,M,2.0,52004.8,2.0
1553,F,M,M,2.0,53010.8,1.0
1554,F,M,M,1.0,75004.5,2.0
1557,F,M,M,0.0,19749.3,1.0
1558,F,M,S,1.0,57626.9,1.0
1559,F,M,D,0.0,20078.0,2.0
1560,F,F,M,2.0,47902.0,2.0
1565,T,M,M,1.0,7545.96,2.0
1571,T,F,S,0.0,78851.3,4.0
1572,T,F,S,1.0,17540.7,4.0
1573,T,F,M,0.0,83891.9,4.0
1574,T,F,S,2.0,28220.8,4.0
1576,T,F,S,0.0,28589.1,2.0
1578,F,F,M,2.0,5237.63,3.0
1581,T,M,S,2.0,89459.9,2.0
1584,T,F,S,1.0,13576.5,3.0
1588,T,F,M,2.0,67388.0,4.0
1589,F,F,M,1.0,57063.0,4.0
1590,T,F,M,2.0,84166.1,1.0
1591,F,F,S,0.0,45612.9,4.0
1596,T,F,S,1.0,7737.94,3.0
1597,T,M,S,2.0,65000.0,1.0
1598,F,F,M,2.0,45287.6,3.0
1599,T,F,M,2.0,59613.1,1.0
1601,T,F,S,1.0,16326.7,3.0
1604,T,F,S,2.0,9559.78,2.0
1607,F,F,M,2.0,42031.8,3.0
1609,F,F,M,2.0,83284.1,3.0
1610,F,M,M,1.0,39229.1,4.0
1611,F,F,S,0.0,68427.4,2.0
1613,T,M,S,0.0,3601.71,4.0
1615,T,F,S,0.0,98716.3,4.0
1616,F,F,S,2.0,66182.7,2.0
1617,T,F,M,2.0,84789.3,4.0
1619,T,F,M,2.0,35976.5,4.0
1620,F,F,M,0.0,32703.1,4.0
1622,F,F,M,2.0,8204.72,1.0
1623,F,M,M,1.0,97180.4,2.0
1625,T,F,S,2.0,38280.0,4.0
1626,T,M,S,0.0,64136.6,1.0
1628,T,F,M,2.0,45429.7,3.0
1630,T,F,S,0.0,25285.5,2.0
1631,F,F,M,2.0,77551.1,2.0
1632,T,F,M,0.0,38538.4,1.0
1639,F,M,M,0.0,92881.8,2.0
1640,T,M,S,2.0,43634.5,3.0
1644,T,F,S,1.0,13109.1,2.0
1645,T,M,S,1.0,92647.5,4.0
1646,F,M,S,2.0,21021.6,2.0
1647,T,M,S,0.0,74460.7,2.0
1650,T,F,S,2.0,28787.4,1.0
1653,F,M,M,1.0,13091.6,4.0
1656,F,F,M,2.0,62061.8,2.0
1657,T,F,M,1.0,20550.9,4.0
1660,F,M,M,2.0,1765.41,3.0
1663,T,F,S,2.0,19131.1,4.0
1669,F,M,M,2.0,42750.3,1.0
1671,T,F,S,2.0,2842.55,3.0
1672,F,M,M,2.0,22358.1,1.0
1674,F,M,M,0.0,47870.8,2.0
1675,F,F,S,2.0,6440.46,4.0
1676,T,F,S,0.0,7325.5,2.0
1677,F,M,M,1.0,63900.9,2.0
1678,F,M,M,2.0,28766.9,3.0
1680,F,M,M,1.0,5252.29,2.0
1684,F,M,M,2.0,91272.2,2.0
1690,T,M,S,0.0,69000.0,1.0
1694,F,M,M,2.0,1406.05,2.0
1696,F,F,S,0.0,73228.3,3.0
1697,F,F,S,2.0,76231.9,3.0
1702,T,M,M,1.0,64792.3,3.0
1705,T,F,S,0.0,93322.1,1.0
1710,T,M,M,1.0,63437.3,4.0
1714,F,M,M,2.0,49910.7,4.0
1716,T,M,M,0.0,76161.4,3.0
1717,F,F,M,2.0,55860.0,3.0
1718,T,F,S,1.0,12686.0,3.0
1726,F,M,M,2.0,57360.8,3.0
1727,T,M,M,1.0,92414.7,4.0
1728,T,M,M,0.0,60102.7,4.0
1730,F,F,M,2.0,17888.7,4.0
1731,T,F,S,1.0,12526.3,2.0
1734,T,F,S,2.0,14578.8,2.0
1737,T,M,M,0.0,78572.2,2.0
1739,F,F,M,2.0,48238.8,1.0
1741,F,F,M,0.0,28770.9,4.0
1742,F,F,M,2.0,87578.2,2.0
1743,F,F,M,2.0,86695.4,3.0
1745,F,F,S,2.0,76791.2,3.0
1749,T,F,S,0.0,30763.8,2.0
1750,F,F,M,2.0,3193.6,2.0
1751,F,M,M,1.0,69680.9,2.0
1754,F,F,M,0.0,83287.0,3.0
1755,T,M,S,0.0,2056.06,2.0
1756,F,F,M,2.0,7776.6,4.0
1757,F,M,M,1.0,2067.82,3.0
1758,T,M,S,0.0,68000.0,4.0
1760,T,M,M,0.0,69343.3,4.0
1764,F,F,M,0.0,14932.5,4.0
1765,F,F,S,0.0,27498.1,1.0
1767,F,M,M,2.0,21419.9,1.0
1768,F,M,M,2.0,30665.2,4.0
1769,F,F,M,1.0,78000.0,4.0
1770,F,F,M,2.0,50561.3,4.0
1772,T,F,S,2.0,23464.0,1.0
1773,F,F,M,2.0,194.57,2.0
1774,F,F,M,1.0,98680.4,2.0
1775,T,M,M,0.0,65619.7,1.0
1776,F,F,M,1.0,95620.3,1.0
1777,F,F,S,0.0,85275.0,4.0
1778,F,F,M,1.0,66921.4,4.0
1779,F,F,M,1.0,98453.6,1.0
1780,F,F,M,2.0,94026.8,4.0
1782,F,F,S,2.0,57420.0,4.0
1783,T,M,M,0.0,68000.0,4.0
1785,F,M,M,2.0,47639.1,1.0
1786,F,F,M,2.0,63234.5,1.0
1788,F,M,M,0.0,3911.9,2.0
1790,F,F,M,2.0,18296.4,3.0
1791,T,F,S,0.0,39461.0,1.0
1796,F,F,M,2.0,52957.0,4.0
1797,F,F,S,2.0,86747.1,1.0
1799,F,F,M,1.0,87404.6,4.0
1801,F,F,M,2.0,85394.0,1.0
1802,T,F,S,0.0,2121.36,4.0
1803,F,F,M,2.0,63566.1,3.0
1806,F,F,S,0.0,89813.6,4.0
1808,F,F,M,2.0,82644.2,4.0
1809,T,F,S,1.0,27783.6,2.0
1812,F,F,M,2.0,60485.5,1.0
1815,F,F,M,2.0,809.43,3.0
1816,T,M,S,1.0,76529.8,1.0
1817,F,F,M,2.0,34577.7,3.0
1820,T,F,S,2.0,19008.4,2.0
1821,F,F,M,0.0,98056.3,4.0
1822,T,M,M,0.0,80000.0,1.0
1824,F,M,M,0.0,78894.2,2.0
1825,T,M,S,1.0,16432.1,1.0
1826,T,M,M,1.0,62797.9,1.0
1827,F,M,S,1.0,71329.9,4.0
1831,T,F,S,0.0,20913.6,3.0
1834,T,F,S,1.0,540.4,2.0
1838,F,M,M,2.0,67339.8,2.0
1840,T,M,M,1.0,75799.9,2.0
1841,T,F,S,2.0,15688.5,3.0
1842,T,F,S,0.0,43382.3,2.0
1844,T,F,S,0.0,5185.31,1.0
1845,T,F,S,1.0,35089.0,2.0
1846,T,F,S,0.0,37000.0,4.0
1848,F,F,M,2.0,80087.7,4.0
1849,F,F,M,2.0,59691.3,3.0
1851,T,F,S,2.0,11251.1,4.0
1853,T,M,M,1.0,70908.7,1.0
1854,T,M,S,0.0,94928.3,1.0
1856,F,F,M,2.0,50622.3,1.0
1858,T,M,M,0.0,100020.0,1.0
1862,T,M,M,0.0,69000.0,3.0
1863,F,M,S,1.0,37626.0,2.0
1865,T,F,M,1.0,56722.8,4.0
1867,T,M,M,1.0,120000.0,3.0
1868,T,F,S,2.0,3416.62,2.0
1869,F,F,M,0.0,73069.1,3.0
1870,T,M,M,1.0,80000.0,3.0
1871,F,F,M,2.0,8032.16,1.0
1872,F,F,D,1.0,93454.3,4.0
1873,T,M,M,0.0,5745.0,2.0
1875,F,F,S,0.0,92564.1,3.0
1879,F,F,M,2.0,48322.5,1.0
1882,F,F,M,2.0,81913.8,3.0
1885,T,F,S,0.0,919.93,2.0
1886,F,F,M,2.0,69486.8,2.0
1887,F,F,M,2.0,24482.8,3.0
1890,F,F,M,2.0,92103.8,1.0
1891,T,F,S,2.0,8392.14,1.0
1892,T,F,S,0.0,17138.2,3.0
1894,F,F,M,2.0,47010.1,1.0
1896,F,F,S,0.0,67239.4,1.0
1897,T,M,M,1.0,69406.7,4.0
1899,F,F,M,2.0,83259.3,2.0
1902,F,M,M,1.0,20818.5,2.0
1906,F,F,M,2.0,2185.6,4.0
1908,T,M,M,1.0,76511.3,2.0
1910,T,F,M,1.0,6946.07,1.0
1911,F,F,M,2.0,11234.7,4.0
1913,F,F,M,2.0,36660.9,2.0
1915,F,F,M,2.0,68462.8,1.0
1918,F,F,M,2.0,72841.3,1.0
1919,T,M,M,1.0,63670.8,1.0
1922,F,M,M,0.0,12387.6,2.0
1924,F,F,M,1.0,82931.3,3.0
1925,F,F,M,2.0,57483.9,2.0
1927,T,F,S,2.0,21274.0,2.0
1928,F,F,M,2.0,28267.0,4.0
1930,F,F,M,2.0,36725.1,4.0
1934,T,M,S,1.0,94188.3,3.0
1937,F,F,M,2.0,91861.0,1.0
1940,T,F,S,1.0,12374.9,4.0
1941,T,F,M,2.0,69133.9,1.0
1943,F,F,M,2.0,84948.0,1.0
1944,F,F,M,2.0,30998.8,3.0
1950,F,M,M,2.0,21416.5,1.0
1954,F,M,S,0.0,78554.2,2.0
1955,T,M,S,1.0,3960.5,2.0
1957,T,M,M,0.0,60101.1,4.0
1958,F,F,M,2.0,38215.9,4.0
1959,T,F,M,1.0,13829.4,2.0
1960,F,F,M,2.0,49745.3,2.0
1962,F,F,M,2.0,88427.0,3.0
1963,F,F,M,2.0,98003.7,4.0
1964,T,M,S,0.0,89142.7,1.0
1965,F,F,S,0.0,74530.8,3.0
1967,T,F,S,0.0,30000.0,1.0
1972,F,F,M,2.0,76289.2,3.0
1974,T,M,M,1.0,66931.9,4.0
1975,F,M,M,2.0,9309.57,3.0
1976,T,F,M,1.0,14085.5,2.0
1977,T,F,S,0.0,32962.6,3.0
1978,T,F,S,0.0,35000.0,1.0
1979,T,F,S,2.0,39000.0,1.0
1980,F,F,S,0.0,77726.4,1.0
1981,T,F,S,2.0,42000.0,3.0
1982,T,F,S,1.0,2800.68,2.0
1986,F,F,M,2.0,90271.6,2.0
1991,F,F,M,2.0,64816.6,1.0
1992,F,F,M,2.0,98217.1,4.0
1994,T,F,S,1.0,2929.13,4.0
1996,F,F,M,2.0,41876.6,3.0
1997,T,M,M,0.0,96223.4,1.0
1998,T,F,S,0.0,15989.3,1.0
1999,T,M,M,0.0,69168.4,3.0
2000,F,M,M,1.0,92148.5,2.0
2001,F,M,M,0.0,96681.0,2.0
2002,F,M,S,0.0,62705.9,2.0
2003,F,M,S,0.0,80221.2,2.0
2004,F,M,S,0.0,84479.2,2.0
2005,F,F,M,2.0,64977.4,3.0
2006,T,F,M,0.0,77994.0,1.0
2007,F,M,M,2.0,90103.7,2.0
2008,T,F,M,0.0,59008.4,1.0
2009,F,M,S,1.0,5265.35,2.0
2010,T,M,S,1.0,84978.1,1.0
2011,F,F,M,2.0,36647.9,4.0
2012,T,F,S,0.0,64319.2,1.0
2013,F,F,S,1.0,73338.0,2.0
2014,T,F,S,0.0,433.74,4.0
2015,F,F,M,2.0,16962.2,2.0
2017,F,M,M,2.0,10708.3,4.0
2020,T,F,M,0.0,2031.61,4.0
2024,F,F,S,2.0,16938.5,4.0
2027,F,F,M,0.0,55221.0,1.0
2028,F,F,M,1.0,8073.11,4.0
2029,F,M,M,0.0,95448.6,4.0
2030,T,M,S,1.0,24141.5,2.0
2031,F,M,S,2.0,63152.6,2.0
2032,F,M,S,1.0,31952.0,2.0
2033,F,M,S,2.0,72084.7,2.0
2034,F,F,S,0.0,42760.5,1.0
2035,F,F,S,1.0,49072.0,2.0
2036,F,F,M,0.0,27371.8,2.0
2040,T,M,M,1.0,71472.9,2.0
2041,F,F,M,0.0,95405.7,1.0
2042,F,F,S,0.0,95786.8,4.0
2044,T,M,S,0.0,90321.6,1.0
2045,T,M,D,1.0,90478.6,1.0
2046,F,F,M,2.0,56187.0,2.0
2050,T,F,S,1.0,35089.0,4.0
2052,F,M,M,0.0,9780.66,2.0
2056,F,M,M,2.0,53010.8,2.0
2057,F,M,M,1.0,75004.5,2.0
2060,F,M,M,0.0,19749.3,1.0
2061,F,M,S,1.0,57626.9,3.0
2062,F,M,M,2.0,20078.0,4.0
2063,F,F,M,2.0,47902.0,3.0
2064,T,M,M,1.0,7545.96,4.0
2068,T,M,S,2.0,89459.9,2.0
2071,T,F,S,1.0,13576.5,3.0
2073,F,F,M,2.0,42031.8,2.0
2078,T,M,S,2.0,43634.5,4.0
2082,T,F,S,1.0,13109.1,3.0
2083,T,M,S,1.0,92647.5,1.0
2084,F,M,S,2.0,21021.6,2.0
2085,T,M,S,0.0,74460.7,3.0
2087,T,F,S,2.0,28787.4,3.0
2090,F,M,M,1.0,13091.6,1.0
2093,F,F,M,2.0,62061.8,1.0
2094,T,F,M,1.0,20550.9,3.0
2097,F,M,M,2.0,1765.41,1.0
2098,T,F,S,2.0,19131.1,4.0
2101,F,M,M,0.0,47870.8,2.0
2102,F,F,S,2.0,6440.46,2.0
2104,F,M,M,2.0,28766.9,3.0
2106,F,M,M,1.0,5252.29,2.0
2109,F,M,M,2.0,91272.2,3.0
2114,F,F,S,0.0,73228.3,2.0
2117,T,M,M,1.0,64792.3,2.0
2119,T,F,S,0.0,93322.1,1.0
2122,F,M,M,2.0,49910.7,1.0
2123,T,M,M,1.0,76161.4,3.0
2124,F,F,M,2.0,55860.0,4.0
2131,F,M,M,2.0,57360.8,4.0
2132,T,M,M,0.0,92414.7,3.0
2134,T,F,S,2.0,14578.8,1.0
2135,F,F,M,2.0,87578.2,2.0
2136,F,F,M,2.0,86695.4,1.0
2140,F,F,M,0.0,83287.0,1.0
2141,F,M,M,1.0,2067.82,1.0
2144,F,M,M,2.0,30665.2,1.0
2145,F,F,M,1.0,83287.0,1.0
2146,F,F,M,1.0,98680.4,4.0
2147,T,M,M,0.0,65619.7,2.0
2148,F,F,M,1.0,95620.3,1.0
2149,F,F,S,0.0,85275.0,1.0
2150,F,F,M,1.0,66921.4,1.0
2151,F,F,M,1.0,98453.6,3.0
2153,F,F,S,2.0,57420.0,1.0
2154,T,M,M,0.0,66000.0,4.0
2155,F,M,M,2.0,47639.1,1.0
2158,T,F,S,0.0,39461.0,4.0
2159,F,M,M,1.0,47371.0,4.0
2162,T,M,S,1.0,16432.1,2.0
2165,T,F,S,1.0,540.4,2.0
2167,F,F,M,2.0,80087.7,2.0
2168,F,F,M,2.0,59691.3,2.0
2169,T,F,S,2.0,11251.1,4.0
2173,F,F,S,2.0,93559.1,4.0
2174,T,F,S,2.0,3416.62,2.0
2175,F,F,S,0.0,93454.3,1.0
2176,T,M,M,0.0,5745.0,2.0
2181,F,M,S,2.0,60095.2,2.0
2182,T,F,M,1.0,6946.07,3.0
2183,F,F,M,2.0,11234.7,1.0
2184,F,M,M,0.0,12387.6,2.0
2185,F,F,M,1.0,82931.3,4.0
2186,F,F,M,2.0,57483.9,3.0
2188,T,F,S,2.0,21274.0,1.0
2189,F,F,M,2.0,28267.0,4.0
2191,F,F,M,2.0,36725.1,4.0
2195,T,M,S,1.0,94188.3,4.0
2198,F,F,M,2.0,91861.0,4.0
2201,T,F,S,1.0,12374.9,3.0
2202,T,F,M,2.0,69133.9,1.0
2204,F,F,M,2.0,84948.0,1.0
2205,F,F,M,2.0,30998.8,1.0
2207,F,M,S,0.0,15924.2,2.0
2211,F,M,M,2.0,21416.5,4.0
2215,F,M,M,2.0,78554.2,3.0
2216,F,F,M,2.0,38215.9,4.0
2217,T,F,M,1.0,13829.4,1.0
2218,F,F,M,2.0,49745.3,4.0
2220,F,F,M,2.0,88427.0,3.0
2221,F,F,M,2.0,98003.7,4.0
2222,T,M,S,0.0,89142.7,3.0
2223,F,F,S,0.0,74530.8,4.0
2225,T,F,S,0.0,38000.0,3.0
2230,F,F,M,2.0,76289.2,4.0
2232,T,M,M,1.0,66931.9,1.0
2233,F,M,M,2.0,9309.57,1.0
2234,T,F,M,1.0,32962.6,1.0
2235,T,F,S,0.0,42000.0,4.0
2236,T,F,S,0.0,43000.0,3.0
2237,T,F,S,2.0,42000.0,3.0
2238,F,F,S,0.0,77726.4,2.0
2239,T,F,S,2.0,37000.0,3.0
2240,T,F,S,1.0,2800.68,4.0
2243,F,F,M,2.0,90271.6,3.0
2247,F,F,M,2.0,64816.6,4.0
2248,F,F,M,2.0,98217.1,3.0
2251,T,F,S,0.0,15989.3,2.0
2252,F,M,M,1.0,92148.5,2.0
2253,F,M,M,0.0,96681.0,2.0
2254,F,M,S,0.0,62705.9,2.0
2255,F,M,S,0.0,80221.2,2.0
2256,F,M,S,0.0,84479.2,2.0
2257,T,M,S,1.0,84978.1,1.0
2258,T,F,M,2.0,36647.9,1.0
2259,T,F,S,0.0,64319.2,1.0
2260,F,F,S,1.0,73338.0,4.0
2261,T,F,S,0.0,433.74,2.0
2262,F,F,M,2.0,16962.2,1.0
2264,F,M,M,2.0,10708.3,4.0
2267,T,F,M,0.0,2031.61,2.0
2270,F,F,S,2.0,16938.5,1.0
2273,F,F,M,0.0,55221.0,1.0
2274,F,F,M,1.0,8073.11,2.0
2275,F,M,M,1.0,95448.6,4.0
2276,T,M,S,1.0,24141.5,1.0
2277,F,M,S,2.0,63152.6,3.0
2279,F,M,S,2.0,72084.7,3.0
2280,F,F,S,0.0,42760.5,2.0
2281,F,F,S,1.0,49072.0,3.0
2282,F,F,M,0.0,27371.8,4.0
2285,T,M,M,0.0,71472.9,3.0
2286,F,F,M,0.0,95405.7,2.0
2287,F,F,S,0.0,95786.8,3.0
2289,T,M,S,0.0,90321.6,4.0
2290,T,M,S,0.0,90478.6,3.0
2291,F,F,M,2.0,56187.0,2.0
2294,T,F,S,1.0,32098.0,1.0
2300,F,M,M,2.0,53010.8,1.0
2301,F,M,M,1.0,75004.5,4.0
2304,F,M,M,0.0,19749.3,4.0
2305,F,M,S,1.0,57626.9,3.0
2306,F,M,M,2.0,20078.0,1.0
2307,F,F,M,2.0,47902.0,3.0
2308,T,M,M,1.0,7545.96,1.0
2312,T,M,S,2.0,89459.9,4.0
2315,T,F,S,1.0,13576.5,1.0
2317,F,F,M,2.0,42031.8,2.0
2322,T,M,S,2.0,43634.5,3.0
2326,T,F,S,1.0,13109.1,2.0
2327,T,M,S,1.0,92647.5,4.0
2328,T,F,S,2.0,21021.6,3.0
2329,T,M,S,0.0,74460.7,1.0
2331,T,F,S,2.0,28787.4,1.0
2334,F,M,M,1.0,13091.6,4.0
2337,F,F,M,2.0,62061.8,2.0
2338,T,F,M,1.0,20550.9,1.0
2341,F,M,M,2.0,1765.41,4.0
2342,T,F,S,2.0,19131.1,3.0
2347,T,M,S,2.0,43634.5,1.0
2351,T,F,S,1.0,13109.1,2.0
2352,T,M,S,1.0,92647.5,1.0
2353,T,F,S,2.0,21021.6,4.0
2354,T,M,S,0.0,74460.7,3.0
2356,T,F,S,2.0,28787.4,4.0
2359,F,M,M,1.0,13091.6,2.0
2362,F,F,M,2.0,62061.8,4.0
2363,T,F,M,1.0,20550.9,4.0
2366,F,M,M,2.0,1765.41,4.0
2367,T,F,S,2.0,19131.1,4.0
2371,F,F,S,2.0,6440.46,4.0
2372,F,M,M,1.0,63900.9,2.0
2373,F,M,M,2.0,28766.9,1.0
2377,F,M,S,0.0,72928.2,2.0
2378,F,M,M,2.0,91272.2,2.0
2383,F,F,S,0.0,73228.3,2.0
2386,T,M,M,1.0,64792.3,4.0
2388,T,F,S,0.0,93322.1,1.0
2391,F,M,M,2.0,49910.7,3.0
2392,T,M,M,0.0,76161.4,1.0
2393,F,F,M,2.0,55860.0,1.0
2400,F,M,M,2.0,57360.8,1.0
2401,T,M,M,0.0,92414.7,3.0
2403,T,F,S,2.0,14578.8,2.0
2404,F,F,M,2.0,87578.2,3.0
2405,F,F,M,2.0,86695.4,1.0
2409,F,F,M,0.0,77000.0,2.0
2410,F,M,M,1.0,2067.82,4.0
2413,F,M,M,2.0,30665.2,1.0
2414,F,F,M,1.0,83287.0,1.0
2415,F,F,M,1.0,98680.4,3.0
2416,T,M,M,1.0,65619.7,2.0
2417,F,F,M,1.0,95620.3,3.0
2418,F,F,S,0.0,85275.0,1.0
2419,F,F,M,1.0,66921.4,4.0
2420,F,F,M,1.0,98453.6,2.0
2422,F,F,S,2.0,57420.0,3.0
2423,T,M,M,0.0,70000.0,1.0
2424,F,M,M,2.0,47639.1,2.0
2427,T,F,S,0.0,39461.0,1.0
2428,F,M,M,1.0,47371.0,4.0
2429,F,F,S,0.0,89813.6,4.0
2431,T,M,S,1.0,16432.1,1.0
2434,T,F,S,1.0,540.4,2.0
2436,F,F,M,2.0,80087.7,3.0
2437,F,F,M,2.0,59691.3,4.0
2438,T,F,S,2.0,11251.1,2.0
2442,F,F,S,2.0,93559.1,4.0
2443,T,F,S,2.0,3416.62,3.0
2444,F,F,D,1.0,93454.3,4.0
2445,T,M,M,0.0,5745.0,1.0
2451,T,F,M,1.0,13829.4,1.0
2452,F,F,M,2.0,11234.7,4.0
2454,F,F,M,1.0,82931.3,1.0
2455,F,F,M,2.0,57483.9,3.0
2457,T,F,S,2.0,21274.0,3.0
2458,F,F,M,2.0,28267.0,2.0
2460,F,F,M,2.0,36725.1,2.0
2464,T,M,S,1.0,94188.3,4.0
2467,F,F,M,2.0,91861.0,3.0
2470,T,F,S,1.0,12374.9,3.0
2471,F,F,M,2.0,69133.9,4.0
2473,F,F,M,2.0,84948.0,1.0
2474,F,F,M,2.0,30998.8,4.0
2480,F,M,M,2.0,21416.5,3.0
2484,F,M,S,0.0,78554.2,2.0
2485,F,F,M,2.0,38215.9,2.0
2486,T,F,M,1.0,30000.0,1.0
2487,F,F,M,2.0,49745.3,2.0
2489,F,F,M,2.0,88427.0,1.0
2490,F,F,M,2.0,98003.7,2.0
2491,T,M,S,0.0,89142.7,3.0
2492,F,F,S,0.0,74530.8,4.0
2494,T,F,S,0.0,41000.0,1.0
2499,F,F,M,2.0,76289.2,3.0
2501,T,M,M,1.0,66931.9,1.0
2502,F,M,S,0.0,9309.57,2.0
2503,T,F,M,1.0,32962.6,3.0
2504,T,F,S,0.0,42000.0,3.0
2505,T,F,S,0.0,39000.0,1.0
2506,T,F,S,2.0,42000.0,1.0
2507,F,F,D,1.0,77726.4,3.0
2508,T,F,S,2.0,35089.0,3.0
2509,T,F,S,1.0,2800.68,1.0
2512,F,F,M,2.0,90271.6,3.0
2516,F,F,M,2.0,64816.6,4.0
2517,F,F,M,2.0,98217.1,1.0
2520,T,F,S,0.0,15989.3,2.0
2526,F,M,S,1.0,84978.1,2.0
2527,F,F,M,2.0,36647.9,4.0
2528,T,F,S,0.0,64319.2,1.0
2529,T,F,S,1.0,73338.0,1.0
2530,T,F,S,0.0,433.74,3.0
2531,F,F,M,2.0,16962.2,2.0
2533,F,M,M,2.0,10708.3,2.0
2536,T,F,M,0.0,2031.61,4.0
2539,F,F,S,2.0,16938.5,4.0
2542,F,F,M,0.0,55221.0,4.0
2543,F,F,M,1.0,8073.11,4.0
2544,F,M,M,0.0,95448.6,3.0
2545,T,M,S,1.0,24141.5,4.0
2546,F,M,S,2.0,63152.6,4.0
2548,F,M,S,2.0,72084.7,1.0
2549,F,F,S,0.0,42760.5,4.0
2550,F,F,S,1.0,49072.0,2.0
2551,F,F,M,0.0,27371.8,2.0
2554,T,M,M,1.0,71472.9,1.0
2555,F,F,M,0.0,95405.7,3.0
2556,F,F,S,0.0,95786.8,2.0
2558,T,M,S,0.0,90321.6,4.0
2559,T,M,S,0.0,90478.6,4.0
2560,F,F,M,2.0,56187.0,3.0
2563,T,F,S,1.0,35000.0,2.0
2565,F,M,M,0.0,9780.66,2.0
2569,F,M,M,2.0,53010.8,3.0
2570,F,M,M,0.0,75004.5,1.0
2573,F,M,M,0.0,19749.3,2.0
2574,F,M,S,1.0,57626.9,3.0
2575,F,M,S,0.0,20078.0,2.0
2576,F,F,M,2.0,47902.0,2.0
2577,T,M,M,1.0,7545.96,2.0
2581,T,M,S,2.0,89459.9,4.0
2584,T,F,S,1.0,13576.5,3.0
2586,F,F,M,2.0,42031.8,1.0
2591,T,M,S,2.0,43634.5,3.0
2595,T,F,S,1.0,13109.1,3.0
2596,T,M,S,1.0,92647.5,4.0
2597,T,F,S,2.0,21021.6,3.0
2598,T,M,S,0.0,74460.7,1.0
2599,F,F,M,1.0,43894.5,2.0
2600,T,F,S,2.0,28787.4,4.0
2601,F,F,S,1.0,94278.7,1.0
2602,F,F,M,0.0,83900.2,1.0
2603,F,M,M,1.0,13091.6,2.0
2604,F,F,M,0.0,91708.4,3.0
2605,F,F,S,0.0,64335.0,1.0
2606,F,F,M,2.0,62061.8,4.0
2607,T,F,M,1.0,20550.9,2.0
2608,F,F,S,0.0,76142.0,2.0
2609,F,F,M,1.0,46513.5,2.0
2610,F,M,S,1.0,1765.41,2.0
2611,T,F,S,2.0,19131.1,4.0
2612,F,F,S,0.0,98716.3,1.0
2613,F,F,S,2.0,38280.0,2.0
2615,F,F,S,2.0,6440.46,1.0
2616,F,M,M,1.0,63900.9,2.0
2617,F,M,M,2.0,28766.9,3.0
2618,F,F,M,1.0,56722.8,3.0
2619,F,M,M,1.0,5252.29,2.0
2620,F,F,M,0.0,78851.3,1.0
2621,F,M,S,0.0,72928.2,2.0
2622,F,M,M,2.0,91272.2,4.0
2623,F,F,M,0.0,83891.9,2.0
2624,F,M,S,0.0,3601.71,3.0
2627,F,F,S,0.0,73228.3,1.0
2630,T,M,M,1.0,64792.3,3.0
2632,T,F,S,0.0,93322.1,1.0
2635,F,M,M,2.0,49910.7,3.0
2636,T,M,M,1.0,76161.4,4.0
2637,F,F,M,2.0,55860.0,2.0
2644,F,M,M,2.0,57360.8,1.0
2645,T,M,M,1.0,92414.7,3.0
2647,T,F,S,2.0,14578.8,1.0
2648,F,F,M,2.0,87578.2,2.0
2649,F,F,M,2.0,86695.4,1.0
2653,F,F,M,0.0,66666.0,2.0
2654,F,M,M,1.0,2067.82,1.0
2657,F,M,S,0.0,30665.2,2.0
2658,F,F,M,1.0,77000.0,2.0
2659,F,F,M,1.0,98680.4,3.0
2660,T,M,M,0.0,65619.7,3.0
2661,F,F,M,1.0,95620.3,2.0
2662,F,F,S,0.0,85275.0,3.0
2663,F,F,M,1.0,66921.4,4.0
2664,F,F,M,1.0,98453.6,3.0
2666,F,F,S,2.0,57420.0,3.0
2667,F,M,M,0.0,58986.2,2.0
2668,F,F,M,2.0,47639.1,2.0
2671,T,F,S,0.0,39461.0,1.0
2672,F,M,M,1.0,47371.0,2.0
2673,F,F,S,0.0,89813.6,4.0
2675,T,M,S,1.0,16432.1,3.0
2678,T,F,S,1.0,540.4,1.0
2680,F,F,M,2.0,80087.7,2.0
2681,F,F,M,2.0,59691.3,4.0
2682,T,F,S,2.0,11251.1,4.0
2685,F,M,S,1.0,37626.0,2.0
2687,T,F,S,2.0,3416.62,2.0
2688,F,F,S,0.0,93454.3,2.0
2689,T,M,M,0.0,5745.0,2.0
2695,T,F,M,1.0,13829.4,4.0
2696,F,F,M,2.0,11234.7,4.0
2698,F,F,M,1.0,82931.3,1.0
2699,F,F,M,2.0,57483.9,1.0
2701,T,F,S,2.0,21274.0,4.0
2702,F,F,M,2.0,28267.0,3.0
2704,F,F,M,2.0,36725.1,2.0
2708,T,M,S,1.0,94188.3,1.0
2711,F,F,M,2.0,91861.0,1.0
2714,T,F,S,1.0,12374.9,4.0
2715,F,F,M,2.0,69133.9,4.0
2717,F,F,M,2.0,84948.0,3.0
2718,F,F,M,2.0,30998.8,2.0
2720,F,M,S,0.0,15924.2,2.0
2724,F,M,M,2.0,21416.5,3.0
2728,F,M,M,2.0,78554.2,3.0
2729,F,F,M,2.0,38215.9,1.0
2730,T,F,M,1.0,14085.5,1.0
2731,F,F,M,2.0,49745.3,4.0
2733,F,F,M,2.0,88427.0,2.0
2734,F,F,M,2.0,98003.7,2.0
2735,F,M,S,0.0,89142.7,2.0
2736,F,F,S,0.0,74530.8,3.0
2738,T,F,S,0.0,32962.6,1.0
2743,F,F,M,2.0,76289.2,4.0
2745,T,M,M,1.0,66931.9,3.0
2746,F,M,M,2.0,9309.57,1.0
2747,T,F,M,1.0,42000.0,4.0
2748,T,F,S,0.0,43000.0,4.0
2749,T,F,S,0.0,42000.0,3.0
2750,T,F,S,2.0,32098.0,4.0
2751,F,F,S,0.0,77726.4,3.0
2752,T,F,S,2.0,35000.0,3.0
2753,T,F,S,1.0,2800.68,4.0
2756,F,F,M,2.0,90271.6,4.0
2760,F,F,M,2.0,64816.6,4.0
2761,F,F,M,2.0,98217.1,2.0
2764,T,F,S,0.0,15989.3,3.0
2770,F,M,S,1.0,84978.1,2.0
2771,T,F,M,2.0,36647.9,1.0
2772,T,F,S,0.0,64319.2,1.0
2773,F,F,S,1.0,73338.0,3.0
2774,T,F,S,0.0,433.74,1.0
2775,F,F,M,2.0,16962.2,1.0
2777,F,M,M,2.0,10708.3,1.0
2780,T,F,M,0.0,2031.61,1.0
2783,F,F,S,2.0,16938.5,3.0
2786,F,F,M,0.0,55221.0,4.0
2787,F,F,M,1.0,8073.11,3.0
2788,F,M,M,0.0,95448.6,4.0
2789,T,M,S,1.0,24141.5,3.0
2790,F,M,S,2.0,63152.6,4.0
2792,F,M,S,2.0,72084.7,4.0
2793,F,F,S,0.0,42760.5,3.0
2794,F,F,S,1.0,49072.0,4.0
2795,F,F,M,0.0,27371.8,4.0
2798,T,M,M,1.0,71472.9,3.0
2799,F,F,M,0.0,95405.7,3.0
2800,F,F,S,0.0,95786.8,1.0
2802,T,M,S,0.0,90321.6,3.0
2803,T,M,S,0.0,90478.6,2.0
2804,F,F,M,2.0,56187.0,2.0
2807,T,F,S,1.0,38000.0,3.0
2813,F,M,M,2.0,53010.8,1.0
2814,F,M,M,0.0,75004.5,4.0
2817,F,M,M,0.0,19749.3,2.0
2818,F,M,S,1.0,57626.9,4.0
2819,F,M,M,2.0,20078.0,4.0
2820,F,F,M,2.0,47902.0,4.0
2821,T,M,M,1.0,7545.96,1.0
2825,T,M,S,2.0,89459.9,2.0
2827,T,F,S,1.0,37000.0,1.0
2829,F,M,M,0.0,9780.66,2.0
2833,F,M,M,2.0,53010.8,2.0
2834,F,M,M,1.0,75004.5,2.0
2837,F,M,M,0.0,19749.3,1.0
2838,F,M,S,1.0,57626.9,3.0
2839,F,M,M,2.0,20078.0,1.0
2840,F,F,M,2.0,47902.0,4.0
2841,T,M,M,1.0,7545.96,1.0
2845,T,M,S,2.0,89459.9,2.0
2848,T,F,S,1.0,13576.5,1.0
2850,F,F,M,2.0,42031.8,3.0
2851,T,F,S,1.0,97689.2,4.0
2852,T,F,S,1.0,75397.8,4.0
2853,T,F,M,1.0,49453.8,4.0
2854,T,M,M,0.0,92881.8,2.0
2855,T,M,S,2.0,43634.5,2.0
2856,T,F,S,0.0,68641.5,4.0
2857,T,F,M,1.0,50735.1,4.0
2858,T,F,M,1.0,52490.1,4.0
2859,T,F,S,1.0,13109.1,3.0
2860,T,M,S,1.0,92647.5,1.0
2861,T,F,S,2.0,21021.6,4.0
2862,T,M,S,0.0,74460.7,3.0
2863,T,F,M,1.0,43894.5,4.0
2864,T,F,S,2.0,28787.4,3.0
2865,T,F,S,1.0,94278.7,4.0
2866,T,F,M,0.0,83900.2,4.0
2867,F,M,M,1.0,13091.6,4.0
2868,T,F,M,0.0,91708.4,4.0
2870,F,F,M,2.0,62061.8,1.0
2871,T,F,M,1.0,20550.9,3.0
2874,F,M,M,2.0,1765.41,4.0
2875,T,F,S,2.0,19131.1,1.0
2879,F,F,S,2.0,6440.46,1.0
2881,F,M,M,2.0,28766.9,1.0
2886,F,M,M,2.0,91272.2,2.0
2891,F,F,S,0.0,73228.3,3.0
2894,T,M,M,1.0,64792.3,1.0
2896,T,F,S,0.0,93322.1,1.0
2899,F,M,M,2.0,49910.7,4.0
2900,T,M,M,0.0,76161.4,1.0
2901,F,F,M,2.0,55860.0,1.0
2908,F,M,M,2.0,57360.8,3.0
2909,T,M,M,0.0,92414.7,1.0
2911,T,F,S,2.0,14578.8,3.0
2912,F,F,M,2.0,87578.2,1.0
2913,F,F,M,2.0,86695.4,2.0
2917,F,F,M,0.0,68000.0,2.0
2918,F,M,M,1.0,2067.82,3.0
2921,F,M,M,2.0,30665.2,4.0
2922,F,F,M,1.0,80000.0,1.0
2923,F,F,M,1.0,98680.4,1.0
2924,F,F,M,2.0,65619.7,4.0
2925,F,F,M,1.0,95620.3,4.0
2926,F,F,D,1.0,85275.0,3.0
2927,F,F,M,1.0,66921.4,2.0
2928,F,F,M,1.0,98453.6,4.0
2930,F,F,S,2.0,57420.0,2.0
2931,F,M,M,0.0,58986.2,2.0
2932,F,F,M,2.0,47639.1,3.0
2935,T,F,S,0.0,39461.0,4.0
2936,F,M,M,1.0,47371.0,4.0
2937,F,F,S,0.0,89813.6,4.0
2939,T,M,S,1.0,16432.1,4.0
2942,T,F,S,1.0,540.4,4.0
2944,F,F,M,2.0,80087.7,1.0
2945,F,F,M,2.0,59691.3,3.0
2946,T,F,S,2.0,11251.1,4.0
2951,T,F,S,2.0,3416.62,4.0
2952,F,F,S,0.0,93454.3,4.0
2953,T,M,M,0.0,5745.0,4.0
2959,T,F,M,1.0,30000.0,2.0
2960,F,F,M,2.0,11234.7,3.0
2962,F,F,M,1.0,82931.3,3.0
2963,F,F,M,2.0,57483.9,4.0
2965,T,F,S,2.0,21274.0,4.0
2966,F,F,M,2.0,28267.0,2.0
2968,F,F,M,2.0,36725.1,4.0
2972,T,M,S,1.0,94188.3,2.0
2975,F,F,M,2.0,91861.0,2.0
2978,T,F,S,1.0,12374.9,3.0
2979,F,F,M,2.0,69133.9,2.0
2981,F,F,M,2.0,84948.0,1.0
2982,F,F,M,2.0,30998.8,3.0
2984,F,M,S,0.0,15924.2,2.0
2988,F,M,M,2.0,21416.5,1.0
2992,F,M,M,2.0,78554.2,1.0
2993,F,F,M,2.0,38215.9,3.0
2994,T,F,M,1.0,14085.5,1.0
2995,F,F,M,2.0,49745.3,4.0
2997,F,F,M,2.0,88427.0,4.0
2998,F,F,M,2.0,98003.7,4.0
2999,T,M,S,0.0,89142.7,1.0
3000,F,F,S,0.0,74530.8,1.0
3002,T,F,S,0.0,32962.6,4.0
3007,F,F,M,2.0,76289.2,2.0
3009,T,M,M,1.0,66931.9,3.0
3010,F,M,S,0.0,9309.57,2.0
3011,T,F,M,1.0,28000.0,3.0
3012,T,F,S,0.0,38000.0,1.0
3013,T,F,S,0.0,32962.6,2.0
3014,T,F,S,2.0,42000.0,2.0
3015,F,F,D,1.0,77726.4,4.0
3016,T,F,S,2.0,43000.0,2.0
3017,T,F,S,1.0,2800.68,1.0
3020,F,F,M,2.0,90271.6,2.0
3024,F,F,M,2.0,64816.6,1.0
3025,F,F,M,2.0,98217.1,4.0
3028,T,F,S,0.0,15989.3,1.0
3034,F,M,S,1.0,84978.1,2.0
3035,F,F,M,2.0,36647.9,4.0
3036,T,F,S,0.0,64319.2,1.0
3037,F,F,S,1.0,73338.0,4.0
3038,T,F,S,0.0,433.74,2.0
3039,F,F,M,2.0,16962.2,2.0
3041,F,M,M,2.0,10708.3,3.0
3044,T,F,M,0.0,2031.61,4.0
3047,F,F,S,2.0,16938.5,1.0
3050,F,F,M,0.0,55221.0,1.0
3051,F,F,M,1.0,8073.11,3.0
3052,F,M,M,0.0,95448.6,1.0
3053,T,M,S,1.0,24141.5,3.0
3054,F,M,S,2.0,63152.6,3.0
3056,F,M,S,2.0,72084.7,3.0
3057,F,F,S,0.0,42760.5,3.0
3058,F,F,S,1.0,49072.0,1.0
3059,F,F,M,0.0,27371.8,1.0
3062,T,M,M,0.0,71472.9,3.0
3063,F,F,M,0.0,95405.7,4.0
3064,F,F,S,0.0,95786.8,2.0
3066,F,M,S,0.0,90321.6,2.0
3067,T,M,S,1.0,90478.6,2.0
3068,F,F,M,2.0,56187.0,1.0
3071,T,F,S,1.0,41000.0,4.0
3077,F,M,M,2.0,53010.8,1.0
3078,F,M,M,0.0,75004.5,4.0
3081,F,M,M,0.0,19749.3,1.0
3082,F,M,S,1.0,57626.9,1.0
3083,F,M,D,1.0,20078.0,2.0
3084,F,F,M,2.0,47902.0,4.0
3085,T,M,M,1.0,7545.96,3.0
3089,T,M,S,2.0,89459.9,2.0
3092,T,F,S,1.0,13576.5,1.0
3094,F,F,M,2.0,42031.8,3.0
3099,T,M,S,2.0,43634.5,1.0
3103,T,F,S,1.0,13109.1,4.0
3104,T,M,S,1.0,92647.5,4.0
3105,T,F,S,2.0,21021.6,4.0
3106,T,M,S,0.0,74460.7,4.0
3108,T,F,S,2.0,28787.4,2.0
3111,F,M,M,1.0,13091.6,4.0
3114,F,F,M,2.0,62061.8,1.0
3115,T,F,M,1.0,20550.9,1.0
3118,F,M,S,1.0,1765.41,2.0
3119,T,F,S,2.0,19131.1,2.0
3123,F,F,S,2.0,6440.46,4.0
3125,F,M,M,2.0,28766.9,4.0
3130,F,M,M,2.0,91272.2,4.0
3135,F,F,S,0.0,73228.3,2.0
3138,T,M,M,1.0,64792.3,4.0
3140,T,F,S,0.0,93322.1,1.0
3143,F,M,M,2.0,49910.7,3.0
3144,T,M,M,0.0,76161.4,4.0
3145,F,F,M,2.0,55860.0,2.0
3152,F,M,M,2.0,57360.8,1.0
3153,T,M,M,1.0,92414.7,4.0
3155,T,F,S,2.0,14578.8,3.0
3156,F,F,M,2.0,87578.2,3.0
3157,F,F,M,2.0,86695.4,4.0
3158,F,M,M,1.0,5306.11,2.0
3161,F,F,M,0.0,83287.0,1.0
3162,F,M,M,1.0,2067.82,2.0
3165,F,M,M,2.0,30665.2,1.0
3166,F,F,M,1.0,78000.0,1.0
3167,F,F,M,1.0,98680.4,1.0
3168,F,F,M,2.0,65619.7,3.0
3169,T,M,M,1.0,95620.3,1.0
3170,F,F,S,0.0,85275.0,1.0
3171,F,F,M,1.0,66921.4,1.0
3172,F,F,M,1.0,98453.6,2.0
3174,F,F,S,2.0,57420.0,1.0
3175,T,M,M,0.0,68000.0,4.0
3176,F,F,M,2.0,47639.1,4.0
3177,F,M,M,0.0,3911.9,2.0
3179,T,F,S,0.0,39461.0,1.0
3180,F,M,M,1.0,47371.0,4.0
3183,T,M,S,1.0,16432.1,3.0
3186,T,F,S,1.0,540.4,3.0
3188,F,F,M,2.0,80087.7,4.0
3189,F,F,M,2.0,59691.3,1.0
3190,T,F,S,2.0,11251.1,2.0
3194,F,F,S,2.0,93559.1,4.0
3195,T,F,S,2.0,3416.62,3.0
3196,F,F,S,0.0,93454.3,3.0
3197,T,M,M,0.0,5745.0,2.0
3204,F,F,M,2.0,11234.7,2.0
3206,F,F,M,1.0,82931.3,2.0
3207,F,F,M,2.0,57483.9,1.0
3209,T,F,S,2.0,21274.0,4.0
3210,F,F,M,2.0,28267.0,2.0
3212,F,F,M,2.0,36725.1,1.0
3216,T,M,S,1.0,94188.3,2.0
3219,F,F,M,2.0,91861.0,2.0
3222,T,F,S,1.0,12374.9,1.0
3223,T,F,M,2.0,69133.9,1.0
3225,F,F,M,2.0,84948.0,3.0
3226,F,F,M,2.0,30998.8,1.0
3228,F,M,S,0.0,15924.2,2.0
3232,F,M,M,2.0,21416.5,3.0
3236,F,M,M,2.0,78554.2,4.0
3237,F,F,M,2.0,38215.9,1.0
3239,F,F,M,2.0,49745.3,3.0
3241,F,F,M,2.0,88427.0,4.0
3242,F,F,M,2.0,98003.7,1.0
3243,T,M,S,0.0,89142.7,4.0
3244,F,F,S,0.0,74530.8,4.0
3251,F,F,M,2.0,76289.2,3.0
3253,T,M,M,1.0,66931.9,1.0
3254,F,M,M,2.0,9309.57,3.0
3259,F,F,S,0.0,77726.4,3.0
3261,T,F,S,1.0,2800.68,3.0
3264,F,F,M,2.0,90271.6,2.0
3268,F,F,M,2.0,64816.6,2.0
3269,F,F,M,2.0,98217.1,4.0
3272,T,F,S,0.0,15989.3,2.0
3278,T,M,S,1.0,84978.1,1.0
3279,F,F,M,2.0,36647.9,2.0
3280,T,F,S,0.0,64319.2,1.0
3281,T,F,S,1.0,73338.0,1.0
3282,T,F,S,0.0,433.74,2.0
3283,F,F,M,2.0,16962.2,2.0
3285,F,M,M,2.0,10708.3,2.0
3288,T,F,M,0.0,2031.61,2.0
3291,F,F,S,2.0,16938.5,4.0
3294,F,F,M,0.0,55221.0,1.0
3295,F,F,M,1.0,8073.11,1.0
3296,F,M,M,1.0,95448.6,3.0
3297,T,M,S,1.0,24141.5,3.0
3298,F,M,S,2.0,63152.6,3.0
3300,F,M,S,2.0,72084.7,2.0
3301,F,F,S,0.0,42760.5,2.0
3302,F,F,S,1.0,49072.0,1.0
3303,F,F,M,0.0,27371.8,1.0
3306,T,M,M,0.0,71472.9,4.0
3307,T,M,M,0.0,95405.7,1.0
3308,T,M,S,0.0,95786.8,4.0
3310,F,M,S,0.0,90321.6,2.0
3311,T,M,D,1.0,90478.6,4.0
3312,F,F,M,2.0,56187.0,2.0
3315,T,F,S,1.0,42000.0,3.0
3317,F,M,M,0.0,9780.66,2.0
3321,F,M,M,2.0,53010.8,3.0
